,precision,recall,f1-score,support
normal,0.89281210592686,0.7805953693495039,0.8329411764705882,3628.0
loss_related,0.7307012374779022,0.998389694041868,0.8438244300782579,1242.0
impedance_width,0.6713881019830028,0.6739336492890995,0.6726584673604541,1055.0
local_defect,1.0,0.8048780487804879,0.8918918918918919,41.0
via_stub,1.0,1.0,1.0,21.0
return_path_issue,0.7222222222222222,1.0,0.8387096774193549,13.0
accuracy,0.8083333333333333,0.8083333333333333,0.8083333333333333,0.8083333333333333
macro avg,0.8361872779349979,0.8762994602434931,0.8466709405367578,6000.0
weighted avg,0.8210594322885264,0.8083333333333333,0.8080110011386314,6000.0
